"bank_name","avg_duration_sec","num_txns_with_both"
PNB,45.36675068214158,788
SBI,45.2063787581773,1599
Axis,45.01039901267305,1154
ICICI,44.77609584887189,1255
HDFC,44.7116523717357,1356
